inclination_deg	abort_alt_m	abort_tas_mps	abort_fpa_deg	abort_along_m	abort_cross_m	abort_range_m
0.00624	4515.132	84.956	-16.794448	48247.777	-18875.206	51801.092
45	4946.277	84.940	-14.709084	20896.757	91248.669	93592.853
60	5003.963	84.894	-14.680217	-7886.307	127668.917	127908.580
75	5021.299	84.867	-14.612775	-45600.434	154033.343	160498.502
85	5015.061	84.796	-14.585737	-73926.082	163926.401	179443.960
90	5011.235	84.959	-14.657382	-88435.969	167705.407	189052.886
95	4995.877	84.904	-14.619982	-103207.318	170843.892	198870.278
105	4990.701	84.819	-14.572228	-133621.543	175220.406	219191.165
120	4969.006	84.942	-14.625554	-178453.399	170438.434	245007.453
135	4939.148	84.911	-14.651158	-221001.765	155888.225	268382.216
150	4861.318	84.902	-14.882266	-261356.132	133372.746	291465.577
165	4939.623	84.832	-14.592514	-289811.432	99417.059	305110.137
179.997122	4913.502	84.977	-14.645067	-313884.703	-39901.336	316176.723
