target_inclination_deg	actual_inclination_deg	inertial_heading_deg	vx	vy	vz
45	45.000000000	45.000000037	1049.177777414	-1212.939584534	1603.744447711
60	60.000000000	30.000000021	741.786954175	-857.758951370	1964.177790801
75	75.000000000	15.000000010	383.828009997	-444.137799307	2190.755662296
85	85.000000000	5.000000003	129.049156449	-149.736035880	2259.406588618
90	90.000000000	0.000000000	-0.304744629	-0.263726316	2268.037154787
95	95.000000000	354.999999997	-129.658176445	149.208989349	2259.406588618
105	105.000000000	344.999999990	-384.433297286	443.613983063	2190.755662296
120	120.000000000	329.999999979	-742.379921911	857.245796480	1964.177790801
135	135.000000000	314.999999963	-1049.751147572	1212.443389409	1603.744447711
150	150.000000000	299.999999936	-1285.600133195	1485.000632883	1134.018569416
165	165.000000000	284.999999862	-1433.854160167	1656.343201183	587.011196808
180	179.997940058	270.000000000	-1484.409960595	1714.794380327	-0.000011558
