# Guidance certified aero prior sampled from stsn_aero_identified.csv (identified model, flown support only).
q_pa,mach,aoa_deg,lift_per_q_m2,drag_per_q_m2,support
1759.4,0.150,9.702,184.595899,53.896236,3
1759.4,0.150,10.544,199.870368,60.726392,3
1759.4,0.150,11.386,214.972653,68.097825,3
1759.4,0.150,12.229,229.889707,76.004166,3
1759.4,0.150,13.071,244.608643,84.438584,3
1759.4,0.150,13.913,259.116743,93.393793,3
1759.4,0.150,14.755,273.401473,102.862055,3
1759.4,0.150,15.597,287.450491,112.835190,3
1759.4,0.150,16.439,301.251660,123.304581,3
2714.1,0.200,7.113,118.504800,36.326703,7
2714.1,0.200,7.710,128.175264,39.429348,7
2714.1,0.200,8.308,137.790278,42.775698,7
2714.1,0.200,8.905,147.345664,46.364300,7
2714.1,0.200,9.502,156.837269,50.193593,7
2714.1,0.200,10.099,166.260967,54.261913,7
2714.1,0.200,10.696,175.612666,58.567493,7
2714.1,0.200,11.294,184.888299,63.108462,7
2714.1,0.200,11.891,194.083836,67.882846,7
4260.2,0.250,5.070,72.078762,27.124286,12
4260.2,0.250,5.922,83.929757,29.914864,12
4260.2,0.250,6.773,95.707097,33.131240,12
4260.2,0.250,7.625,107.400376,36.770573,12
4260.2,0.250,8.477,118.999260,40.829645,12
4260.2,0.250,9.328,130.493500,45.304872,12
4260.2,0.250,10.180,141.872939,50.192297,12
4260.2,0.250,11.032,153.127522,55.487602,12
4260.2,0.250,11.883,164.247304,61.186108,12
5994.8,0.300,2.887,36.656345,21.230107,12
5994.8,0.300,4.500,56.682512,24.377478,12
5994.8,0.300,6.113,76.530821,28.886245,12
5994.8,0.300,7.726,96.138351,34.742113,12
5994.8,0.300,9.339,115.442945,41.926520,12
5994.8,0.300,10.953,134.383405,50.416691,12
5994.8,0.300,12.566,152.899689,60.185710,12
5994.8,0.300,14.179,170.933099,71.202610,12
5994.8,0.300,15.792,188.426468,83.432466,12
7194.7,0.350,0.719,9.068007,18.670956,12
7194.7,0.350,1.542,18.767410,19.135202,12
7194.7,0.350,2.364,28.451828,19.936720,12
7194.7,0.350,3.186,38.113282,21.074851,12
7194.7,0.350,4.008,47.743813,22.548658,12
7194.7,0.350,4.831,57.335488,24.356925,12
7194.7,0.350,5.653,66.880404,26.498163,12
7194.7,0.350,6.475,76.370698,28.970608,12
7194.7,0.350,7.298,85.798552,31.772223,12
8302.4,0.400,0.485,6.081360,18.253128,8
8302.4,0.400,2.087,24.246280,19.242538,8
8302.4,0.400,3.690,42.337162,21.461553,8
8302.4,0.400,5.292,60.297416,24.903233,8
8302.4,0.400,6.895,78.070863,29.556812,8
8302.4,0.400,8.497,95.601906,35.407733,8
8302.4,0.400,10.100,112.835708,42.437694,8
8302.4,0.400,11.702,129.718360,50.624706,8
8302.4,0.400,13.305,146.197054,59.943158,8
4079.8,0.500,12.183,111.132270,46.996874,1
4079.8,0.500,12.972,117.813465,50.800443,1
4079.8,0.500,13.761,124.405714,54.825646,1
4079.8,0.500,14.550,130.904017,59.069430,1
4079.8,0.500,15.339,137.303443,63.528575,1
4079.8,0.500,16.128,143.599138,68.199697,1
4079.8,0.500,16.917,149.786323,73.079254,1
4079.8,0.500,17.706,155.860307,78.163543,1
4079.8,0.500,18.496,161.816479,83.448706,1
5124.8,0.600,11.718,79.649096,41.496612,1
5124.8,0.600,12.539,84.843840,44.334350,1
5124.8,0.600,13.360,89.969373,47.351386,1
5124.8,0.600,14.181,95.021487,50.545241,1
5124.8,0.600,15.002,99.996032,53.913292,1
5124.8,0.600,15.823,104.888921,57.452774,1
5124.8,0.600,16.644,109.696138,61.160779,1
5124.8,0.600,17.465,114.413733,65.034261,1
5124.8,0.600,18.286,119.037832,69.070040,1
6945.5,0.800,14.306,60.651993,46.256167,1
6945.5,0.800,14.782,62.475309,47.485863,1
6945.5,0.800,15.259,64.281503,48.752151,1
6945.5,0.800,15.735,66.070076,50.054681,1
6945.5,0.800,16.212,67.840532,51.393091,1
6945.5,0.800,16.688,69.592383,52.767012,1
6945.5,0.800,17.165,71.325143,54.176064,1
6945.5,0.800,17.641,73.038333,55.619857,1
6945.5,0.800,18.118,74.731479,57.097992,1
5210.8,0.950,14.489,55.948717,49.155272,1
5210.8,0.950,14.897,57.680223,49.680959,1
5210.8,0.950,15.305,59.158732,50.515738,1
5210.8,0.950,15.713,60.546159,51.466415,1
5210.8,0.950,16.122,61.924707,52.434708,1
5210.8,0.950,16.530,63.294170,53.420461,1
5210.8,0.950,16.938,64.654344,54.423516,1
5210.8,0.950,17.346,66.005026,55.443712,1
5210.8,0.950,17.754,67.346015,56.480881,1
6682.9,1.200,4.124,14.936136,38.040100,1
6682.9,1.200,5.874,17.734810,41.880825,1
6682.9,1.200,7.625,22.382801,48.338077,1
6682.9,1.200,9.376,27.030792,54.795328,1
6682.9,1.200,11.127,33.295897,63.321767,1
6682.9,1.200,12.878,40.456650,72.994239,1
6682.9,1.200,14.628,47.617404,82.666711,1
6682.9,1.200,16.379,54.202474,76.865317,1
6682.9,1.200,18.130,60.632420,66.894365,1
7105.2,1.500,14.991,45.486085,71.478217,1
7105.2,1.500,15.457,46.281967,72.991632,1
7105.2,1.500,15.923,47.061529,74.505794,1
7105.2,1.500,16.388,47.841092,76.019955,1
7105.2,1.500,16.854,48.620654,77.534117,1
7105.2,1.500,17.320,49.400216,79.048279,1
7105.2,1.500,17.786,50.179779,80.562440,1
7105.2,1.500,18.252,50.959341,82.076602,1
7105.2,1.500,18.717,51.738903,83.590764,1
9077.1,2.000,14.673,40.175401,54.516916,1
9077.1,2.000,15.091,41.161657,54.757458,1
9077.1,2.000,15.508,41.762169,55.666758,1
9077.1,2.000,15.926,42.362681,56.576058,1
9077.1,2.000,16.343,42.963192,57.485358,1
9077.1,2.000,16.761,43.563704,58.394658,1
9077.1,2.000,17.178,44.164216,59.303957,1
9077.1,2.000,17.596,44.764727,60.213257,1
9077.1,2.000,18.013,45.365239,61.122557,1
10401.9,2.500,14.615,39.877123,55.714484,1
10401.9,2.500,16.627,41.591201,58.211570,1
10401.9,2.500,18.639,43.085340,61.111382,1
10401.9,2.500,20.651,45.241215,65.928561,1
10401.9,2.500,22.663,48.781629,74.757404,1
10401.9,2.500,24.675,52.322042,83.586246,1
10401.9,2.500,26.687,54.818746,94.044827,1
10401.9,2.500,28.699,57.114081,104.817840,1
10401.9,2.500,30.711,57.997702,115.934172,1
8977.7,3.000,14.734,39.733395,56.998390,1
8977.7,3.000,17.211,39.838906,58.731898,1
8977.7,3.000,19.688,39.954884,60.476873,1
8977.7,3.000,22.165,43.496851,69.759873,1
8977.7,3.000,24.642,47.533267,80.130784,1
8977.7,3.000,27.119,51.913733,95.055048,1
8977.7,3.000,29.595,56.352412,110.749754,1
8977.7,3.000,32.072,55.305274,124.898448,1
8977.7,3.000,34.549,53.187365,138.745379,1
6020.3,4.000,17.407,39.315201,61.094096,1
6020.3,4.000,19.580,40.141235,63.430250,1
6020.3,4.000,21.753,42.688472,70.178078,1
6020.3,4.000,23.926,45.647788,77.982120,1
6020.3,4.000,26.099,47.577822,88.482861,1
6020.3,4.000,28.272,48.501780,101.619502,1
6020.3,4.000,30.444,48.819145,114.266348,1
6020.3,4.000,32.617,46.777862,125.008697,1
6020.3,4.000,34.790,44.736579,135.751046,1
3744.0,5.000,16.147,35.079844,65.433282,5
3744.0,5.000,18.493,35.115203,65.648610,5
3744.0,5.000,20.840,36.104981,68.501686,5
3744.0,5.000,23.186,38.806730,76.086180,5
3744.0,5.000,25.533,40.972207,87.781222,5
3744.0,5.000,27.879,41.312796,113.464069,5
3744.0,5.000,30.226,41.619950,136.712515,5
3744.0,5.000,32.572,41.613348,137.116393,5
3744.0,5.000,34.919,41.606746,137.520272,5
1060.5,6.000,20.282,35.373886,66.318146,12
1060.5,6.000,22.121,37.482792,72.160877,12
1060.5,6.000,23.960,39.591698,78.003608,12
1060.5,6.000,25.798,41.375586,85.261373,12
1060.5,6.000,27.637,42.735775,94.363804,12
1060.5,6.000,29.475,44.095964,103.466234,12
1060.5,6.000,31.314,43.685003,116.094406,12
1060.5,6.000,33.152,42.566540,130.130966,12
1060.5,6.000,34.991,41.448078,144.167526,12
415.3,7.000,21.000,36.981954,72.633424,8
415.3,7.000,21.521,37.542614,75.148581,8
415.3,7.000,22.042,38.103275,77.663737,8
415.3,7.000,22.563,38.663936,80.178894,8
415.3,7.000,23.083,39.224597,82.694050,8
415.3,7.000,23.604,39.785257,85.209206,8
415.3,7.000,24.125,40.345918,87.724363,8
415.3,7.000,24.645,40.906579,90.239519,8
415.3,7.000,25.166,41.353273,92.393583,8
