# STS-N aerodynamics identified from live KSP telemetry (ShuttleSim/tools/identify_stsn_aero.py). M<=0.90: CL=CL0+K sin a cos a, CD=CD0+KD sin^2 a (clean configuration; gear/airbrake increments in the report). M>=1.10: KSP-fitted table stsn_aero_ksp_robust.csv. See the report for held-out validation.
mach,alpha_deg,cl,cd
0,-10,-0.826803,0.224773
0,-5,-0.418643,0.092187
0,-2,-0.166793,0.054699
0,0,0.002308,0.047540
0,2,0.171409,0.054699
0,4,0.339686,0.076140
0,6,0.506320,0.111760
0,8,0.670498,0.161385
0,10,0.831420,0.224773
0,12,0.988303,0.301614
0,14,1.140383,0.391536
0,16,1.286918,0.494100
0,18,1.427194,0.608805
0,20,1.560529,0.735094
0,22,1.560529,0.810761
0,25,1.560529,0.928414
0,28,1.560529,1.051960
0,30,1.560529,1.138177
0,35,1.560529,1.370260
0,40,1.560529,1.632632
0,45,1.560529,1.936580
0.05,-10,-0.826803,0.224773
0.05,-5,-0.418643,0.092187
0.05,-2,-0.166793,0.054699
0.05,0,0.002308,0.047540
0.05,2,0.171409,0.054699
0.05,4,0.339686,0.076140
0.05,6,0.506320,0.111760
0.05,8,0.670498,0.161385
0.05,10,0.831420,0.224773
0.05,12,0.988303,0.301614
0.05,14,1.140383,0.391536
0.05,16,1.286918,0.494100
0.05,18,1.427194,0.608805
0.05,20,1.560529,0.735094
0.05,22,1.560529,0.810761
0.05,25,1.560529,0.928414
0.05,28,1.560529,1.051960
0.05,30,1.560529,1.138177
0.05,35,1.560529,1.370260
0.05,40,1.560529,1.632632
0.05,45,1.560529,1.936580
0.1,-10,-0.826803,0.224773
0.1,-5,-0.418643,0.092187
0.1,-2,-0.166793,0.054699
0.1,0,0.002308,0.047540
0.1,2,0.171409,0.054699
0.1,4,0.339686,0.076140
0.1,6,0.506320,0.111760
0.1,8,0.670498,0.161385
0.1,10,0.831420,0.224773
0.1,12,0.988303,0.301614
0.1,14,1.140383,0.391536
0.1,16,1.286918,0.494100
0.1,18,1.427194,0.608805
0.1,20,1.560529,0.735094
0.1,22,1.560529,0.810761
0.1,25,1.560529,0.928414
0.1,28,1.560529,1.051960
0.1,30,1.560529,1.138177
0.1,35,1.560529,1.370260
0.1,40,1.560529,1.632632
0.1,45,1.560529,1.936580
0.15,-10,-0.755445,0.224996
0.15,-5,-0.382413,0.103822
0.15,-2,-0.152239,0.069560
0.15,0,0.002308,0.063017
0.15,2,0.156855,0.069560
0.15,4,0.310650,0.089156
0.15,6,0.462942,0.121710
0.15,8,0.612989,0.167064
0.15,10,0.760062,0.224996
0.15,12,0.903443,0.295224
0.15,14,1.042433,0.377407
0.15,16,1.176357,0.471143
0.15,18,1.304560,0.575977
0.15,20,1.426419,0.691396
0.15,22,1.426419,0.760551
0.15,25,1.426419,0.868078
0.15,28,1.426419,0.980991
0.15,30,1.426419,1.059788
0.15,35,1.426419,1.271896
0.15,40,1.426419,1.511687
0.15,45,1.426419,1.789475
0.2,-10,-0.654185,0.214278
0.2,-5,-0.331002,0.109297
0.2,-2,-0.131586,0.079613
0.2,0,0.002308,0.073945
0.2,2,0.136203,0.079613
0.2,4,0.269445,0.096591
0.2,6,0.401386,0.124795
0.2,8,0.531382,0.164088
0.2,10,0.658801,0.214278
0.2,12,0.783022,0.275122
0.2,14,0.903439,0.346322
0.2,16,1.019466,0.427532
0.2,18,1.130537,0.518357
0.2,20,1.236112,0.618352
0.2,22,1.236112,0.678266
0.2,25,1.236112,0.771423
0.2,28,1.236112,0.869248
0.2,30,1.236112,0.937515
0.2,35,1.236112,1.121278
0.2,40,1.236112,1.329026
0.2,45,1.236112,1.569692
0.25,-10,-0.553298,0.196502
0.25,-5,-0.279781,0.107654
0.25,-2,-0.111010,0.082532
0.25,0,0.002308,0.077734
0.25,2,0.115627,0.082532
0.25,4,0.228393,0.096900
0.25,6,0.340058,0.120770
0.25,8,0.450077,0.154025
0.25,10,0.557915,0.196502
0.25,12,0.663046,0.247996
0.25,14,0.764958,0.308254
0.25,16,0.863155,0.376985
0.25,18,0.957157,0.453851
0.25,20,1.046508,0.538480
0.25,22,1.046508,0.589187
0.25,25,1.046508,0.668028
0.25,28,1.046508,0.750820
0.25,30,1.046508,0.808596
0.25,35,1.046508,0.964120
0.25,40,1.046508,1.139942
0.25,45,1.046508,1.343624
0.3,-10,-0.488367,0.180986
0.3,-5,-0.246814,0.102521
0.3,-2,-0.097767,0.080335
0.3,0,0.002308,0.076098
0.3,2,0.102384,0.080335
0.3,4,0.201971,0.093024
0.3,6,0.300586,0.114104
0.3,8,0.397748,0.143473
0.3,10,0.492983,0.180986
0.3,12,0.585828,0.226462
0.3,14,0.675830,0.279678
0.3,16,0.762550,0.340376
0.3,18,0.845567,0.408260
0.3,20,0.924476,0.482998
0.3,22,0.924476,0.527779
0.3,25,0.924476,0.597406
0.3,28,0.924476,0.670522
0.3,30,0.924476,0.721546
0.3,35,0.924476,0.858895
0.3,40,0.924476,1.014169
0.3,45,0.924476,1.194047
0.35,-10,-0.460371,0.173070
0.35,-5,-0.232600,0.099082
0.35,-2,-0.092057,0.078162
0.35,0,0.002308,0.074167
0.35,2,0.096674,0.078162
0.35,4,0.190579,0.090127
0.35,6,0.283568,0.110005
0.35,8,0.375186,0.137697
0.35,10,0.464988,0.173070
0.35,12,0.552535,0.215951
0.35,14,0.637402,0.266131
0.35,16,0.719174,0.323366
0.35,18,0.797454,0.387377
0.35,20,0.871861,0.457851
0.35,22,0.871861,0.500077
0.35,25,0.871861,0.565731
0.35,28,0.871861,0.634676
0.35,30,0.871861,0.682789
0.35,35,0.871861,0.812300
0.35,40,0.871861,0.958715
0.35,45,0.871861,1.128331
0.4,-10,-0.442473,0.167864
0.4,-5,-0.223513,0.096738
0.4,-2,-0.088407,0.076627
0.4,0,0.002308,0.072787
0.4,2,0.093024,0.076627
0.4,4,0.183297,0.088129
0.4,6,0.272688,0.107238
0.4,8,0.360762,0.133859
0.4,10,0.447090,0.167864
0.4,12,0.531251,0.209086
0.4,14,0.612835,0.257325
0.4,16,0.691444,0.312346
0.4,18,0.766696,0.373881
0.4,20,0.838225,0.441629
0.4,22,0.838225,0.482221
0.4,25,0.838225,0.545336
0.4,28,0.838225,0.611614
0.4,30,0.838225,0.657865
0.4,35,0.838225,0.782367
0.4,40,0.838225,0.923119
0.4,45,0.838225,1.086173
0.45,-10,-0.415080,0.160934
0.45,-5,-0.209605,0.094188
0.45,-2,-0.082820,0.075316
0.45,0,0.002308,0.071712
0.45,2,0.087436,0.075316
0.45,4,0.172150,0.086110
0.45,6,0.256036,0.104041
0.45,8,0.338685,0.129023
0.45,10,0.419696,0.160934
0.45,12,0.498674,0.199617
0.45,14,0.575233,0.244885
0.45,16,0.649001,0.296517
0.45,18,0.719618,0.354262
0.45,20,0.786741,0.417838
0.45,22,0.786741,0.455930
0.45,25,0.786741,0.515158
0.45,28,0.786741,0.577353
0.45,30,0.786741,0.620756
0.45,35,0.786741,0.737590
0.45,40,0.786741,0.869673
0.45,45,0.786741,1.022685
0.5,-10,-0.364305,0.150614
0.5,-5,-0.183826,0.091988
0.5,-2,-0.072464,0.075412
0.5,0,0.002308,0.072246
0.5,2,0.077081,0.075412
0.5,4,0.151489,0.084893
0.5,6,0.225170,0.100643
0.5,8,0.297766,0.122586
0.5,10,0.368922,0.150614
0.5,12,0.438292,0.184592
0.5,14,0.505538,0.224353
0.5,16,0.570332,0.269704
0.5,18,0.632359,0.320424
0.5,20,0.691316,0.376266
0.5,22,0.691316,0.409724
0.5,25,0.691316,0.461747
0.5,28,0.691316,0.516377
0.5,30,0.691316,0.554500
0.5,35,0.691316,0.657121
0.5,40,0.691316,0.773136
0.5,45,0.691316,0.907534
0.6,-10,-0.269686,0.144599
0.6,-5,-0.135787,0.101103
0.6,-2,-0.053166,0.088805
0.6,0,0.002308,0.086456
0.6,2,0.057783,0.088805
0.6,4,0.112987,0.095839
0.6,6,0.167652,0.107524
0.6,8,0.221512,0.123804
0.6,10,0.274303,0.144599
0.6,12,0.325770,0.169807
0.6,14,0.375660,0.199306
0.6,16,0.423732,0.232953
0.6,18,0.469750,0.270583
0.6,20,0.513491,0.312012
0.6,22,0.513491,0.336835
0.6,25,0.513491,0.375432
0.6,28,0.513491,0.415962
0.6,30,0.513491,0.444246
0.6,35,0.513491,0.520382
0.6,40,0.513491,0.606455
0.6,45,0.513491,0.706167
0.7,-10,-0.209752,0.141784
0.7,-5,-0.105357,0.107873
0.7,-2,-0.040942,0.098285
0.7,0,0.002308,0.096454
0.7,2,0.045559,0.098285
0.7,4,0.088599,0.103769
0.7,6,0.131218,0.112879
0.7,8,0.173210,0.125572
0.7,10,0.214369,0.141784
0.7,12,0.254494,0.161438
0.7,14,0.293391,0.184437
0.7,16,0.330870,0.210669
0.7,18,0.366749,0.240007
0.7,20,0.400851,0.272308
0.7,22,0.400851,0.291661
0.7,25,0.400851,0.321753
0.7,28,0.400851,0.353352
0.7,30,0.400851,0.375404
0.7,35,0.400851,0.434763
0.7,40,0.400851,0.501870
0.7,45,0.400851,0.579610
0.8,-10,-0.169320,0.147425
0.8,-5,-0.084830,0.119980
0.8,-2,-0.032696,0.112220
0.8,0,0.002308,0.110738
0.8,2,0.037313,0.112220
0.8,4,0.072146,0.116658
0.8,6,0.106640,0.124032
0.8,8,0.140625,0.134304
0.8,10,0.173936,0.147425
0.8,12,0.206412,0.163332
0.8,14,0.237892,0.181946
0.8,16,0.268226,0.203177
0.8,18,0.297263,0.226921
0.8,20,0.324864,0.253063
0.8,22,0.324864,0.268726
0.8,25,0.324864,0.293081
0.8,28,0.324864,0.318655
0.8,30,0.324864,0.336502
0.8,35,0.324864,0.384544
0.8,40,0.324864,0.438856
0.8,45,0.324864,0.501774
0.9,-10,-0.150716,0.160875
0.9,-5,-0.075384,0.136405
0.9,-2,-0.028902,0.129486
0.9,0,0.002308,0.128164
0.9,2,0.033518,0.129486
0.9,4,0.064576,0.133443
0.9,6,0.095331,0.140017
0.9,8,0.125632,0.149176
0.9,10,0.155333,0.160875
0.9,12,0.184288,0.175058
0.9,14,0.212356,0.191654
0.9,16,0.239401,0.210584
0.9,18,0.265291,0.231754
0.9,20,0.289900,0.255062
0.9,22,0.289900,0.269028
0.9,25,0.289900,0.290742
0.9,28,0.289900,0.313545
0.9,30,0.289900,0.329457
0.9,35,0.289900,0.372291
0.9,40,0.289900,0.420716
0.9,45,0.289900,0.476814
1,-10,-0.049671,0.151728
1,-5,-0.012005,0.139493
1,-2,0.011104,0.135793
1,0,0.026621,0.134973
1,2,0.044348,0.138485
1,4,0.061998,0.143316
1,6,0.083804,0.155448
1,8,0.109689,0.174868
1,10,0.135274,0.195557
1,12,0.172829,0.195205
1,14,0.209940,0.196061
1,16,0.243967,0.205868
1,18,0.274844,0.224580
1,20,0.305080,0.244361
1,22,0.306908,0.251927
1,25,0.309650,0.263660
1,28,0.282749,0.330330
1,30,0.264815,0.375133
1,35,0.259738,0.447681
1,40,0.255056,0.494200
1,45,0.253647,0.522070
1.1,-10,0.051358,0.142183
1.1,-5,0.051358,0.142183
1.1,-2,0.051051,0.141578
1.1,0,0.050846,0.141174
1.1,2,0.055147,0.146837
1.1,4,0.059448,0.152501
1.1,6,0.072275,0.170128
1.1,8,0.093629,0.199721
1.1,10,0.114983,0.229313
1.1,12,0.154420,0.243969
1.1,14,0.193856,0.258625
1.1,16,0.229886,0.258626
1.1,18,0.262508,0.243972
1.1,20,0.295131,0.229319
1.1,22,0.288634,0.244881
1.1,25,0.278888,0.268225
1.1,28,0.255410,0.361039
1.1,30,0.239758,0.422916
1.1,35,0.228960,0.524995
1.1,40,0.219657,0.567664
1.1,45,0.216956,0.567312
1.2,-10,0.051341,0.141785
1.2,-5,0.051341,0.141785
1.2,-2,0.050991,0.141054
1.2,0,0.050758,0.140567
1.2,2,0.055117,0.146190
1.2,4,0.059475,0.151813
1.2,6,0.072274,0.169377
1.2,8,0.093512,0.198883
1.2,10,0.114750,0.228388
1.2,12,0.147470,0.272584
1.2,14,0.180190,0.316781
1.2,16,0.211240,0.316099
1.2,18,0.240620,0.270539
1.2,20,0.270001,0.224978
1.2,22,0.253351,0.254936
1.2,25,0.228377,0.299873
1.2,28,0.235222,0.374963
1.2,30,0.239785,0.425023
1.2,35,0.228346,0.526919
1.2,40,0.219102,0.567644
1.2,45,0.216518,0.567297
1.5,-10,0.051196,0.141724
1.5,-5,0.051196,0.141724
1.5,-2,0.050815,0.141400
1.5,0,0.050561,0.141184
1.5,2,0.054717,0.146074
1.5,4,0.058872,0.150963
1.5,6,0.071288,0.167258
1.5,8,0.091964,0.194960
1.5,10,0.112641,0.222662
1.5,12,0.140412,0.248008
1.5,14,0.168184,0.273355
1.5,16,0.188765,0.299030
1.5,18,0.202153,0.325035
1.5,20,0.215541,0.351039
1.5,22,0.220641,0.350325
1.5,25,0.228291,0.349255
1.5,28,0.235379,0.398803
1.5,30,0.240105,0.431835
1.5,35,0.227039,0.535278
1.5,40,0.218189,0.567699
1.5,45,0.216310,0.567325
2,-10,0.051169,0.142328
2,-5,0.051169,0.142328
2,-2,0.050951,0.141985
2,0,0.050805,0.141756
2,2,0.054392,0.145572
2,4,0.057980,0.149388
2,6,0.070166,0.164162
2,8,0.090951,0.189894
2,10,0.111735,0.215626
2,12,0.132691,0.216671
2,14,0.153646,0.217716
2,16,0.169878,0.226951
2,18,0.181385,0.244375
2,20,0.192892,0.261800
2,22,0.208010,0.298514
2,25,0.230687,0.353587
2,28,0.236564,0.406058
2,30,0.240481,0.441039
2,35,0.223742,0.562739
2,40,0.216490,0.567393
2,45,0.215116,0.568824
3,-10,0.051304,0.142566
3,-5,0.051304,0.142566
3,-2,0.051443,0.142461
3,0,0.051536,0.142391
3,2,0.054310,0.145861
3,4,0.057085,0.149331
3,6,0.078536,0.163946
3,8,0.118664,0.189708
3,10,0.158791,0.215470
3,12,0.158851,0.220761
3,14,0.158912,0.226053
3,16,0.159129,0.231516
3,18,0.159503,0.237152
3,20,0.159878,0.242788
3,22,0.172915,0.276283
3,25,0.192470,0.326527
3,28,0.213973,0.402562
3,30,0.228309,0.453252
3,35,0.211208,0.565057
3,40,0.207275,0.565237
3,45,0.205012,0.564105
4,-10,0.051440,0.142405
4,-5,0.051440,0.142405
4,-2,0.051724,0.142645
4,0,0.051913,0.142804
4,2,0.055791,0.152247
4,4,0.059669,0.161689
4,6,0.079910,0.179331
4,8,0.116511,0.205174
4,10,0.153113,0.231017
4,12,0.153308,0.232220
4,14,0.153503,0.233422
4,16,0.155121,0.238324
4,18,0.158162,0.246925
4,20,0.161203,0.255526
4,22,0.172099,0.284259
4,25,0.188442,0.327359
4,28,0.193545,0.399909
4,30,0.196947,0.448275
4,35,0.178158,0.547154
4,40,0.177443,0.548674
4,45,0.177177,0.548828
5,-10,0.051759,0.142706
5,-5,0.051759,0.142706
5,-2,0.053510,0.144340
5,0,0.054676,0.145429
5,2,0.093990,0.180019
5,4,0.133304,0.214610
5,6,0.150438,0.237795
5,8,0.145392,0.249574
5,10,0.140346,0.261353
5,12,0.140308,0.261337
5,14,0.140269,0.261320
5,16,0.140311,0.261679
5,18,0.140431,0.262413
5,20,0.140552,0.263147
5,22,0.149763,0.289005
5,25,0.163579,0.327792
5,28,0.165321,0.459134
5,30,0.166482,0.546694
5,35,0.166426,0.550137
5,40,0.166418,0.551515
5,45,0.166479,0.550983
6,-10,0.140412,0.261483
6,-5,0.140412,0.261483
6,-2,0.140410,0.261474
6,0,0.140408,0.261467
6,2,0.140404,0.261455
6,4,0.140399,0.261442
6,6,0.140395,0.261435
6,8,0.140393,0.261433
6,10,0.140390,0.261430
6,12,0.140387,0.261424
6,14,0.140383,0.261417
6,16,0.140345,0.261468
6,18,0.140272,0.261575
6,20,0.140200,0.261682
6,22,0.149376,0.287105
6,25,0.163141,0.325240
6,28,0.172018,0.384651
6,30,0.177937,0.424258
6,35,0.165770,0.576949
6,40,0.165568,0.579295
6,45,0.165582,0.579309
7,-10,0.140999,0.265534
7,-5,0.140999,0.265534
7,-2,0.141017,0.265550
7,0,0.141029,0.265560
7,2,0.141049,0.265578
7,4,0.141069,0.265596
7,6,0.141099,0.265574
7,8,0.141140,0.265514
7,10,0.141180,0.265454
7,12,0.141316,0.265589
7,14,0.141453,0.265725
7,16,0.141940,0.266874
7,18,0.142780,0.269039
7,20,0.143619,0.271204
7,22,0.152233,0.309846
7,25,0.165154,0.367810
7,28,0.169839,0.399681
7,30,0.172963,0.420929
7,35,0.166727,0.566448
7,40,0.165629,0.577584
7,45,0.165550,0.578781
8,-10,0.141201,0.265464
8,-5,0.141201,0.265464
8,-2,0.141250,0.265503
8,0,0.141283,0.265530
8,2,0.141373,0.265634
8,4,0.141463,0.265738
8,6,0.141551,0.265844
8,8,0.141636,0.265953
8,10,0.141720,0.266063
8,12,0.141765,0.266158
8,14,0.141810,0.266254
8,16,0.146330,0.286076
8,18,0.155326,0.325624
8,20,0.164322,0.365172
8,22,0.164351,0.365213
8,25,0.164396,0.365274
8,28,0.165935,0.368316
8,30,0.166960,0.370344
8,35,0.168177,0.555977
8,40,0.165814,0.575867
8,45,0.165670,0.577289
10,-10,0.141709,0.266052
10,-5,0.141709,0.266052
10,-2,0.141716,0.266058
10,0,0.141720,0.266062
10,2,0.141754,0.266131
10,4,0.141787,0.266201
10,6,0.141848,0.266334
10,8,0.141937,0.266533
10,10,0.142026,0.266732
10,12,0.150791,0.305566
10,14,0.159555,0.344400
10,16,0.164024,0.364098
10,18,0.164197,0.364662
10,20,0.164370,0.365226
10,22,0.164597,0.364888
10,25,0.164938,0.364381
10,28,0.165773,0.367795
10,30,0.166329,0.370072
10,35,0.166516,0.370462
10,40,0.166750,0.572167
10,45,0.166428,0.575278
12,-10,0.141760,0.266142
12,-5,0.141760,0.266142
12,-2,0.141786,0.266198
12,0,0.141804,0.266235
12,2,0.141928,0.266509
12,4,0.142051,0.266783
12,6,0.144418,0.285919
12,8,0.149027,0.323919
12,10,0.153636,0.361920
12,12,0.157931,0.363245
12,14,0.162225,0.364570
12,16,0.164374,0.365235
12,18,0.164377,0.365241
12,20,0.164380,0.365246
12,22,0.164608,0.364901
12,25,0.164950,0.364382
12,28,0.165534,0.366700
12,30,0.165924,0.368246
12,35,0.166312,0.370280
12,40,0.166952,0.569129
12,45,0.166663,0.572932
16,-10,0.142164,0.267040
16,-5,0.142164,0.267040
16,-2,0.142868,0.267300
16,0,0.143337,0.267473
16,2,0.151749,0.306581
16,4,0.160161,0.345690
16,6,0.164368,0.365243
16,8,0.164371,0.365241
16,10,0.164374,0.365240
16,12,0.164384,0.365225
16,14,0.164394,0.365210
16,16,0.164500,0.365026
16,18,0.164701,0.364674
16,20,0.164902,0.364322
16,22,0.164918,0.364346
16,25,0.164943,0.364382
16,28,0.165319,0.365485
16,30,0.165570,0.366221
16,35,0.166048,0.368889
16,40,0.166253,0.370083
16,45,0.166797,0.570639
20,-10,0.164367,0.365246
20,-5,0.164367,0.365246
20,-2,0.164372,0.365243
20,0,0.164375,0.365241
20,2,0.164375,0.365242
20,4,0.164375,0.365242
20,6,0.164383,0.365224
20,8,0.164400,0.365188
20,10,0.164416,0.365152
20,12,0.164608,0.364820
20,14,0.164800,0.364488
20,16,0.164899,0.364325
20,18,0.164903,0.364329
20,20,0.164908,0.364333
20,22,0.164920,0.364353
20,25,0.164937,0.364383
20,28,0.165112,0.364860
20,30,0.165229,0.365178
20,35,0.165809,0.367454
20,40,0.166057,0.369058
20,45,0.166223,0.370040
25,-10,0.164376,0.365243
25,-5,0.164376,0.365243
25,-2,0.164376,0.365243
25,0,0.164376,0.365244
25,2,0.164414,0.365172
25,4,0.164451,0.365100
25,6,0.164555,0.364916
25,8,0.164726,0.364620
25,10,0.164896,0.364323
25,12,0.164898,0.364323
25,14,0.164899,0.364323
25,16,0.164902,0.364325
25,18,0.164905,0.364330
25,20,0.164908,0.364334
25,22,0.164918,0.364353
25,25,0.164932,0.364383
25,28,0.164949,0.364423
25,30,0.164960,0.364450
25,35,0.165553,0.366221
25,40,0.165831,0.367695
25,45,0.166026,0.368889
